index,salario_usd,talent,infrastructure,operating_environment,research,development,government_strategy,commercial,total_score
salario_usd,1.0,0.126,0.085,-0.203,0.089,-0.053,-0.141,0.042,0.041
talent,0.126,1.0,0.08,-0.078,0.656,0.585,0.011,0.797,0.776
infrastructure,0.085,0.08,1.0,-0.071,0.521,0.453,0.213,0.426,0.493
operating_environment,-0.203,-0.078,-0.071,1.0,0.024,0.117,0.436,0.065,0.136
research,0.089,0.656,0.521,0.024,1.0,0.892,0.18,0.945,0.955
development,-0.053,0.585,0.453,0.117,0.892,1.0,0.239,0.891,0.915
government_strategy,-0.141,0.011,0.213,0.436,0.18,0.239,1.0,0.168,0.268
commercial,0.042,0.797,0.426,0.065,0.945,0.891,0.168,1.0,0.983
total_score,0.041,0.776,0.493,0.136,0.955,0.915,0.268,0.983,1.0
